SER_A,SER_C,SER_D,SER_E,SER_F,SER_G,SER_H,SER_I,SER_K,SER_L,SER_M,SER_N,SER_P,SER_Q,SER_R,SER_S,SER_T,SER_V,SER_W,SER_Y
-0.352,0,0,0,0,-0.482,0,-0.482,0,0,-0.352,0,0,0,0,0,-0.352,-0.482,0,0
-0.482,0,0,0,0,0,0,0,0,-0.528,-0.352,0,0,0,0,-0.352,0,-0.482,0,0
0,0,0,0,-0.464,-0.332,0,0,0,0,0,-0.332,0,-0.332,0,-0.332,-0.332,-0.332,-0.332,-0.332
-0.352,0,0,-0.528,0,0,0,0,-0.352,-0.528,0,-0.352,0,0,0,0,0,0,0,0
0,0,0,-0.352,0,-0.482,0,0,0,-0.482,-0.352,0,0,0,0,-0.352,0,-0.482,0,0
-0.352,0,0,-0.352,0,0,-0.352,0,0,-0.352,-0.352,0,0,-0.482,0,0,0,-0.352,0,-0.352
0,0,0,0,-0.352,-0.352,-0.352,0,-0.352,-0.352,0,0,0,0,0,-0.352,0,0,-0.352,-0.482
0,-0.352,0,0,0,0,0,0,0,-0.352,0,0,0,-0.482,0,0,-0.352,-0.482,-0.352,-0.352
-0.352,0,0,0,0,0,0,0,-0.352,-0.482,0,0,0,-0.352,0,-0.352,-0.352,-0.482,0,0
-0.352,0,0,0,-0.352,0,0,0,-0.352,-0.482,0,-0.482,0,0,0,0,-0.352,-0.352,0,0
-0.531,0,0,0,-0.314,0,0,0,0,-0.447,0,0,-0.447,0,0,-0.314,0,-0.314,0,0
0,-0.352,0,-0.352,-0.352,0,-0.352,-0.352,-0.352,0,0,-0.352,-0.352,0,0,0,0,0,0,-0.352
0,0,0,-0.447,-0.314,-0.314,0,-0.314,0,-0.447,-0.314,0,0,-0.314,0,0,0,-0.447,0,0
0,0,0,-0.464,-0.332,-0.332,0,0,-0.332,-0.529,0,0,0,0,0,0,-0.332,0,0,0
0,0,0,0,0,-0.352,-0.352,-0.352,0,-0.52,0,0,0,-0.352,0,-0.352,0,0,0,0
-0.352,-0.352,0,-0.352,0,0,-0.352,0,0,-0.528,-0.352,0,0,0,0,0,0,-0.352,0,0
-0.352,0,0,0,0,-0.352,-0.352,-0.352,0,-0.52,0,0,0,0,0,0,-0.352,0,0,0
0,-0.352,0,0,0,-0.352,0,0,0,-0.528,0,-0.352,-0.352,0,0,0,-0.352,-0.352,0,0
0,0,0,-0.352,0,0,0,-0.352,0,0,0,0,-0.352,-0.352,0,0,0,-0.482,0,-0.528
-0.352,0,0,-0.352,0,0,-0.352,-0.352,0,-0.352,0,-0.352,0,0,0,0,-0.482,-0.352,0,0
0,0,0,-0.352,0,-0.352,-0.352,0,0,-0.482,0,0,-0.352,-0.352,0,0,0,-0.352,-0.352,0
-0.352,0,0,0,-0.352,0,0,-0.482,0,-0.352,-0.352,0,-0.352,0,0,0,0,-0.482,0,0
0,0,-0.352,-0.482,-0.482,-0.352,0,0,0,-0.352,-0.352,0,0,0,0,0,0,-0.352,0,0
-0.352,-0.352,0,0,0,0,0,0,0,-0.352,0,0,-0.352,0,-0.352,-0.482,0,-0.482,0,0
-0.352,0,0,0,-0.352,0,0,0,-0.352,0,0,-0.352,-0.352,0,-0.352,-0.352,-0.352,0,0,-0.352
-0.352,0,0,-0.352,0,0,0,0,-0.352,-0.482,0,0,0,-0.352,0,-0.352,0,-0.352,0,-0.352
-0.352,0,-0.482,0,-0.352,0,0,0,0,-0.352,0,0,-0.352,0,0,-0.352,0,0,0,-0.482
-0.352,0,0,0,-0.352,0,0,0,0,-0.482,0,0,0,0,0,-0.482,-0.352,-0.352,0,-0.352
0,-0.352,0,0,0,0,0,-0.352,0,-0.482,-0.352,0,0,-0.352,0,-0.352,-0.352,0,-0.352,0
-0.352,-0.352,0,0,-0.352,0,0,0,0,-0.482,0,0,0,0,0,-0.352,0,0,-0.482,-0.352
-0.332,0,0,0,-0.464,0,-0.332,0,0,-0.521,0,0,-0.332,0,-0.332,0,0,0,-0.332,0
-0.352,0,0,0,-0.482,0,-0.352,0,0,-0.482,0,0,-0.352,0,-0.352,0,0,0,-0.352,0
-0.528,0,0,0,0,-0.352,0,-0.352,0,-0.482,0,0,0,0,0,0,0,-0.482,0,0
-0.332,0,-0.332,0,0,-0.332,0,0,0,0,0,0,0,-0.464,-0.464,-0.464,0,0,0,-0.332
0,-0.352,0,0,0,-0.352,0,0,0,-0.528,-0.352,0,-0.352,-0.352,0,0,0,0,0,-0.352
-0.352,0,-0.352,-0.352,-0.352,0,0,0,0,-0.352,0,0,-0.352,0,0,-0.482,0,-0.352,0,0
-0.464,0,0,-0.332,0,-0.464,0,-0.464,0,-0.332,0,0,0,0,0,0,-0.332,-0.332,0,0
0,-0.482,0,0,-0.352,0,0,-0.352,0,-0.352,0,0,-0.352,0,-0.482,-0.352,0,0,0,0
0,0,0,0,0,-0.482,0,-0.482,0,-0.482,0,0,0,0,0,0,-0.352,-0.482,0,0
0,0,0,-0.332,0,0,-0.464,0,0,0,-0.332,0,0,0,-0.332,0,-0.464,-0.464,0,-0.332
0,0,0,0,0,-0.352,0,0,0,0,0,0,-0.528,0,-0.352,-0.352,-0.482,-0.352,0,0
-0.352,0,0,0,0,-0.352,0,0,0,-0.528,0,-0.482,0,0,0,-0.352,0,0,0,-0.352
-0.482,-0.352,0,0,0,0,0,0,0,-0.352,0,-0.352,0,0,0,-0.352,-0.482,0,0,-0.352
-0.332,0,0,-0.464,0,0,0,-0.332,-0.332,-0.464,0,0,-0.332,0,0,0,-0.464,0,0,0
0,0,-0.314,-0.314,-0.314,-0.314,0,0,0,-0.447,0,0,0,0,-0.314,-0.511,0,0,0,-0.314
-0.332,0,-0.332,-0.332,0,0,0,0,0,-0.529,0,0,0,0,-0.332,0,-0.332,0,-0.332,0
-0.482,0,0,0,0,-0.482,0,-0.482,0,-0.352,0,0,0,0,0,0,-0.352,-0.352,0,0
-0.352,0,-0.352,0,-0.352,-0.352,0,-0.352,0,-0.482,0,0,0,0,0,0,0,0,0,-0.482
0,0,0,-0.352,0,-0.352,-0.352,0,0,-0.352,-0.352,0,0,0,-0.352,0,0,-0.352,-0.482,0
0,0,-0.447,-0.447,-0.314,-0.314,-0.314,0,0,-0.314,0,0,-0.314,0,0,-0.314,0,-0.314,0,0
0,0,-0.352,-0.352,0,-0.352,-0.352,-0.352,0,-0.352,0,0,-0.352,0,0,0,0,-0.352,0,-0.352
-0.352,0,0,-0.352,0,0,0,-0.352,0,-0.352,0,-0.352,0,0,-0.352,-0.352,0,0,0,-0.482
0,0,-0.375,0,-0.375,0,0,0,0,0,0,0,-0.375,-0.375,0,-0.375,-0.375,-0.5,0,0
-0.352,0,0,-0.352,0,-0.352,0,0,-0.352,-0.352,0,0,-0.352,0,-0.352,-0.352,0,0,0,-0.352
-0.352,0,-0.352,-0.482,0,0,0,0,-0.352,-0.352,0,0,0,0,-0.352,0,0,-0.482,0,0
-0.332,0,0,0,-0.332,-0.332,0,-0.332,-0.332,-0.332,0,-0.332,0,0,0,-0.332,0,-0.464,0,0
-0.332,-0.332,-0.332,0,0,0,0,-0.332,0,0,0,-0.332,0,-0.332,0,-0.332,0,-0.521,0,0
-0.528,0,0,0,0,-0.352,0,0,0,-0.352,-0.352,0,0,0,0,0,-0.352,-0.482,0,0
-0.352,0,0,0,0,0,0,0,-0.352,-0.52,-0.482,0,0,0,0,0,0,-0.352,0,0
-0.352,0,-0.352,-0.482,0,0,-0.352,0,-0.352,-0.352,-0.352,0,-0.352,0,0,0,0,0,0,0
-0.352,0,0,0,0,0,0,0,-0.482,-0.528,0,0,-0.352,0,0,-0.482,0,0,0,0
0,0,-0.352,0,-0.482,0,-0.352,-0.352,-0.482,0,0,0,0,0,-0.352,0,0,-0.352,0,0
0,0,-0.352,0,0,0,0,0,0,-0.352,0,-0.352,-0.352,0,0,-0.352,0,-0.52,0,0
0,0,-0.352,-0.482,-0.482,0,0,0,0,-0.352,0,0,-0.352,0,0,-0.352,-0.352,0,0,0
-0.52,0,0,0,0,0,0,0,-0.352,0,0,-0.352,0,0,0,-0.528,0,0,0,0
-0.332,0,0,-0.332,0,0,0,-0.332,0,-0.464,-0.332,-0.332,0,0,0,0,-0.332,0,-0.332,-0.332
-0.352,0,-0.352,0,-0.352,-0.352,-0.352,-0.352,0,0,0,-0.352,0,0,0,0,0,-0.482,0,0
0,-0.352,0,0,0,-0.482,0,0,0,0,0,-0.352,-0.482,-0.352,0,0,0,-0.482,0,0
0,-0.352,0,0,0,-0.352,0,0,0,-0.482,0,0,0,-0.482,-0.352,0,0,0,-0.482,0
0,0,0,0,0,0,-0.375,0,-0.375,0,0,0,-0.375,-0.5,0,0,-0.375,-0.5,0,0
-0.352,-0.352,0,-0.352,-0.352,-0.352,0,0,0,-0.482,-0.352,0,0,0,0,0,0,0,0,-0.352
-0.482,0,0,0,0,0,0,-0.528,-0.352,-0.352,-0.352,-0.352,0,0,0,0,0,0,0,0
-0.464,-0.332,0,0,0,0,-0.332,0,0,-0.521,-0.332,0,-0.464,0,0,0,0,0,0,0
0,0,0,-0.482,0,-0.352,0,-0.352,0,-0.482,0,0,0,0,0,0,-0.482,0,0,-0.352
0,0,-0.352,0,0,-0.352,0,-0.352,-0.482,0,0,-0.352,0,0,0,0,0,-0.352,0,-0.482
-0.352,0,0,0,0,-0.352,0,-0.482,-0.352,-0.482,-0.352,0,-0.352,0,0,0,0,0,0,0
-0.352,-0.352,-0.352,0,0,0,0,0,0,-0.482,0,-0.352,-0.352,0,0,-0.352,-0.352,0,0,0
-0.352,0,0,0,0,-0.482,0,-0.352,0,-0.482,0,0,0,0,0,0,0,-0.528,0,0
0,0,-0.352,-0.352,0,-0.352,-0.352,-0.352,0,0,0,0,-0.352,0,0,0,0,-0.482,0,-0.352
0,0,0,0,0,-0.352,0,-0.482,0,-0.528,0,0,0,0,0,0,-0.352,-0.482,0,0
0,-0.352,0,-0.352,-0.352,0,0,0,-0.482,-0.482,0,0,0,0,0,0,-0.352,0,0,-0.352
-0.352,-0.352,-0.352,-0.352,-0.352,0,0,0,0,-0.482,0,0,0,0,0,-0.352,0,-0.352,0,0
0,0,0,-0.375,0,0,0,-0.375,-0.375,0,0,0,0,-0.5,0,0,-0.5,-0.375,0,0
0,-0.352,0,0,-0.482,-0.482,0,0,0,0,-0.352,-0.352,0,-0.352,0,-0.352,0,0,0,0
0,0,-0.352,0,-0.352,0,0,0,0,-0.482,0,0,0,0,-0.352,-0.352,-0.352,-0.352,0,-0.352
0,-0.352,0,-0.482,0,0,0,0,0,0,0,0,-0.528,0,0,0,0,-0.528,0,0
0,0,0,0,-0.482,-0.352,0,-0.482,0,-0.528,0,0,0,0,0,0,-0.352,0,0,0
0,0,0,-0.482,0,0,0,0,0,0,0,-0.352,0,-0.352,0,-0.482,-0.352,-0.482,0,0
-0.352,0,0,-0.482,-0.352,0,0,-0.352,-0.352,-0.352,0,0,0,0,0,0,0,-0.482,0,0
-0.488,0,0,0,0,-0.523,-0.285,0,0,-0.285,0,0,-0.415,0,-0.285,-0.285,0,0,0,0
0,0,-0.352,-0.352,-0.528,-0.352,0,0,0,0,0,0,0,0,0,0,-0.352,-0.482,0,0
0,0,0,0,-0.352,-0.352,0,-0.352,-0.352,-0.52,0,0,0,-0.352,0,0,0,0,0,0
0,0,-0.352,0,0,0,0,-0.352,-0.352,-0.482,0,0,0,0,0,-0.482,-0.352,-0.352,0,0
0,0,0,0,0,-0.352,0,0,-0.352,-0.528,0,0,0,0,-0.352,-0.352,0,-0.482,0,0
0,0,0,0,0,0,-0.482,0,0,-0.482,0,0,-0.352,0,0,-0.528,0,0,-0.352,0
0,0,0,0,0,0,0,-0.352,-0.352,-0.482,0,-0.352,0,-0.352,-0.482,0,0,-0.352,0,0
-0.332,-0.332,-0.332,0,-0.332,-0.332,-0.464,0,0,0,0,0,-0.332,0,0,-0.332,0,-0.332,0,0
-0.352,0,0,-0.352,0,0,0,0,0,-0.528,0,0,0,-0.352,-0.352,-0.352,0,0,0,-0.352
-0.352,0,-0.352,-0.352,0,0,0,0,0,0,0,-0.352,-0.352,0,0,-0.352,-0.352,-0.352,0,-0.352
-0.482,0,0,0,0,-0.352,0,0,0,-0.52,0,0,0,0,0,0,-0.352,-0.352,0,0
0,0,0,-0.352,0,0,0,0,0,-0.482,0,0,-0.482,-0.528,0,0,0,-0.352,0,0
-0.352,-0.352,0,0,0,0,0,0,0,-0.352,0,0,-0.352,0,-0.352,0,-0.352,-0.352,-0.482,0
0,0,0,0,0,0,0,-0.332,-0.332,-0.464,-0.332,0,0,0,-0.521,-0.332,0,0,0,-0.332
-0.528,-0.352,0,0,0,-0.352,0,0,0,-0.528,0,0,0,0,-0.352,0,0,0,0,0
-0.528,0,0,0,0,-0.352,0,0,-0.352,-0.482,0,0,0,0,0,0,-0.352,-0.352,0,0
0,0,0,0,0,0,-0.482,-0.482,-0.352,-0.352,0,0,-0.352,0,-0.482,0,0,0,0,0
-0.511,0,0,-0.314,-0.314,0,0,0,0,-0.511,-0.447,0,0,-0.314,0,0,0,0,0,0
0,0,0,-0.447,-0.511,0,-0.314,-0.447,0,0,-0.314,0,0,0,0,-0.314,0,-0.314,0,0
-0.352,0,0,-0.352,-0.352,0,0,0,0,-0.482,0,0,-0.352,0,0,-0.352,0,0,-0.352,-0.352
-0.375,0,0,0,-0.375,-0.531,0,-0.375,0,0,-0.375,0,0,0,0,0,-0.375,0,0,0
-0.464,-0.332,0,0,-0.332,-0.332,0,-0.332,0,-0.464,0,0,0,0,0,-0.332,0,0,0,-0.332
-0.332,0,-0.332,0,0,-0.332,0,-0.332,0,-0.521,0,0,0,0,-0.332,-0.332,0,-0.332,0,0
-0.352,0,-0.352,-0.352,-0.352,0,0,0,0,-0.352,0,0,-0.352,0,-0.352,0,0,0,-0.352,-0.352
0,0,0,0,-0.352,-0.352,0,-0.352,0,-0.482,0,0,0,-0.352,0,0,0,-0.352,0,-0.482
0,0,0,-0.482,0,-0.352,0,-0.352,-0.352,0,-0.352,0,0,0,-0.352,0,0,-0.352,0,-0.352
-0.332,0,-0.332,-0.464,0,-0.332,-0.332,0,0,0,0,0,0,0,-0.332,-0.332,0,-0.332,0,-0.332
0,0,-0.352,0,-0.352,0,0,0,0,-0.482,0,0,-0.482,0,-0.352,0,-0.352,-0.352,0,0
0,-0.352,0,-0.352,-0.482,0,0,0,0,0,-0.482,0,0,-0.352,0,-0.352,0,0,0,-0.352
-0.352,0,-0.482,0,-0.352,0,0,-0.352,0,-0.352,0,0,0,0,0,-0.352,0,-0.352,0,-0.352
0,-0.352,0,0,0,-0.352,0,0,0,-0.528,-0.352,0,-0.352,0,-0.352,0,-0.352,0,0,0
-0.352,0,0,0,0,-0.352,0,0,-0.352,-0.352,-0.352,0,0,-0.482,0,0,-0.352,-0.352,0,0
-0.352,0,-0.352,-0.352,0,0,0,-0.352,-0.352,-0.352,0,-0.352,0,0,0,0,-0.482,0,0,0
